Time;PlayerPosition;PlayerRotation;PlayerHeadRotation;EnemyPosition;EnemyRotation;MinimapButton;Info
0.006799698;(-0.0700, 0.8100, -4.7700);(0.0000, 0.0000, 0.0000, 1.0000);(0.7071, 0.0000, 0.0000, 0.7071);(-0.6851, 1.0000, 0.1190);(0.0000, 0.0000, 0.0000, 1.0000);0;test
0.02679968;(-0.0700, 1.2600, -4.7700);(0.0000, 0.0000, 0.0000, 1.0000);(0.7071, 0.0000, 0.0000, 0.7071);(-0.6851, 0.8209, 0.1190);(0.0000, -0.0021, 0.0000, 1.0000);0;test
0.04679966;(-0.0700, 1.2600, -4.7700);(0.0000, 0.0000, 0.0000, 1.0000);(0.7071, 0.0000, 0.0000, 0.7071);(-0.6860, 0.8209, 0.1215);(0.0000, -0.0065, 0.0000, 1.0000);0;test
0.06679964;(-0.0700, 1.2600, -4.7700);(0.0000, 0.0000, 0.0000, 1.0000);(0.7071, 0.0000, 0.0000, 0.7071);(-0.6884, 0.8209, 0.1280);(0.0000, -0.0117, 0.0000, 0.9999);0;test
0.08679962;(-0.0700, 1.2600, -4.7700);(0.0000, 0.0000, 0.0000, 1.0000);(0.7071, 0.0000, 0.0000, 0.7071);(-0.6909, 0.8209, 0.1348);(0.0000, -0.0155, 0.0000, 0.9999);0;test
0.1067996;(-0.0700, 1.2600, -4.7700);(0.0000, 0.0000, 0.0000, 1.0000);(0.7071, 0.0000, 0.0000, 0.7071);(-0.6958, 0.8209, 0.1480);(0.0000, -0.0216, 0.0000, 0.9998);0;test
0.1267996;(-0.0700, 1.2600, -4.7700);(0.0000, 0.0000, 0.0000, 1.0000);(0.7071, 0.0000, 0.0000, 0.7071);(-0.7003, 0.8209, 0.1603);(0.0000, -0.0264, 0.0000, 0.9997);0;test
0.1467996;(-0.0700, 1.2600, -4.7700);(0.0000, 0.0000, 0.0000, 1.0000);(0.7071, 0.0000, 0.0000, 0.7071);(-0.7073, 0.8209, 0.1794);(0.0000, -0.0328, 0.0000, 0.9995);0;test
0.1667995;(-0.0700, 1.2600, -4.7700);(0.0000, 0.0000, 0.0000, 1.0000);(0.7071, 0.0000, 0.0000, 0.7071);(-0.7158, 0.8209, 0.2025);(0.0000, -0.0395, 0.0000, 0.9992);0;test
0.1867995;(-0.0700, 1.2600, -4.7700);(0.0000, 0.0000, 0.0000, 1.0000);(0.7071, 0.0000, 0.0000, 0.7071);(-0.7189, 0.8209, 0.2110);(0.0000, -0.0419, 0.0000, 0.9991);0;test
0.2067995;(-0.0700, 1.2600, -4.7700);(0.0000, 0.0000, 0.0000, 1.0000);(0.7071, 0.0000, 0.0000, 0.7071);(-0.7305, 0.8209, 0.2423);(0.0000, -0.0501, 0.0000, 0.9987);0;test
0.2267995;(-0.0700, 1.2600, -4.7700);(0.0000, 0.0000, 0.0000, 1.0000);(0.7071, 0.0000, 0.0000, 0.7071);(-0.7394, 0.8209, 0.2668);(0.0000, -0.0561, 0.0000, 0.9984);0;test
0.2467995;(-0.0700, 1.2600, -4.7700);(0.0000, 0.0000, 0.0000, 1.0000);(0.7071, 0.0000, 0.0000, 0.7071);(-0.7483, 0.8209, 0.2907);(0.0000, -0.0617, 0.0000, 0.9981);0;test
0.2667994;(-0.0700, 1.2600, -4.7700);(0.0000, 0.0000, 0.0000, 1.0000);(0.7071, 0.0000, 0.0000, 0.7071);(-0.7544, 0.8209, 0.3074);(0.0000, -0.0655, 0.0000, 0.9979);0;test
0.2867994;(-0.0700, 1.2600, -4.7700);(0.0000, 0.0000, 0.0000, 1.0000);(0.7071, 0.0000, 0.0000, 0.7071);(-0.7629, 0.8209, 0.3305);(0.0000, -0.0705, 0.0000, 0.9975);0;test
0.3067994;(-0.0700, 1.2600, -4.7700);(0.0000, 0.0000, 0.0000, 1.0000);(0.7071, 0.0000, 0.0000, 0.7071);(-0.7719, 0.8209, 0.3549);(0.0000, -0.0756, 0.0000, 0.9971);0;test
0.3267994;(-0.0700, 1.2600, -4.7700);(0.0000, 0.0000, 0.0000, 1.0000);(0.7071, 0.0000, 0.0000, 0.7071);(-0.7782, 0.8209, 0.3720);(0.0000, -0.0790, 0.0000, 0.9969);0;test
0.3467994;(-0.0700, 1.2600, -4.7700);(0.0000, 0.0000, 0.0000, 1.0000);(0.7071, 0.0000, 0.0000, 0.7071);(-0.7870, 0.8209, 0.3959);(0.0000, -0.0835, 0.0000, 0.9965);0;test
0.3667994;(-0.0700, 1.2600, -4.7700);(0.0000, 0.0000, 0.0000, 1.0000);(0.7071, 0.0000, 0.0000, 0.7071);(-0.7956, 0.8209, 0.4194);(0.0000, -0.0878, 0.0000, 0.9961);0;test
0.3867993;(-0.0700, 1.2600, -4.7700);(0.0000, 0.0000, 0.0000, 1.0000);(0.7071, 0.0000, 0.0000, 0.7071);(-0.8015, 0.8209, 0.4353);(0.0000, -0.0905, 0.0000, 0.9959);0;test
0.4067993;(-0.0700, 1.2600, -4.7700);(0.0000, 0.0000, 0.0000, 1.0000);(0.7071, 0.0000, 0.0000, 0.7071);(-0.8103, 0.8209, 0.4593);(0.0000, -0.0946, 0.0000, 0.9955);0;test
0.4267998;(-0.0700, 1.2600, -4.7700);(0.0000, 0.0000, 0.0000, 1.0000);(0.7071, 0.0000, 0.0000, 0.7071);(-0.8192, 0.8209, 0.4835);(0.0000, -0.0984, 0.0000, 0.9951);0;test
0.4467998;(-0.0700, 1.2600, -4.7700);(0.0000, 0.0000, 0.0000, 1.0000);(0.7071, 0.0000, 0.0000, 0.7071);(-0.8252, 0.8209, 0.4999);(0.0000, -0.1009, 0.0000, 0.9949);0;test
0.4667997;(-0.0700, 1.2600, -4.7700);(0.0000, 0.0000, 0.0000, 1.0000);(0.7071, 0.0000, 0.0000, 0.7071);(-0.8338, 0.8209, 0.5232);(0.0000, -0.1043, 0.0000, 0.9945);0;test
0.4867997;(-0.0700, 1.2600, -4.7700);(0.0000, 0.0000, 0.0000, 1.0000);(0.7071, 0.0000, 0.0000, 0.7071);(-0.8426, 0.8209, 0.5471);(0.0000, -0.1077, 0.0000, 0.9942);0;test
0.5067997;(-0.0700, 1.2600, -4.7700);(0.0000, 0.0000, 0.0000, 1.0000);(0.7071, 0.0000, 0.0000, 0.7071);(-0.8513, 0.8209, 0.5708);(0.0000, -0.1109, 0.0000, 0.9938);0;test
0.5267997;(-0.0700, 1.2600, -4.7700);(0.0000, 0.0000, 0.0000, 1.0000);(0.7071, 0.0000, 0.0000, 0.7071);(-0.8572, 0.8209, 0.5867);(0.0000, -0.1129, 0.0000, 0.9936);0;test
0.5467997;(-0.0700, 1.2600, -4.7700);(0.0000, 0.0000, 0.0000, 1.0000);(0.7071, 0.0000, 0.0000, 0.7071);(-0.8664, 0.8209, 0.6116);(0.0000, -0.1160, 0.0000, 0.9933);0;test
0.5667996;(-0.0700, 1.2600, -4.7700);(0.0000, 0.0000, 0.0000, 1.0000);(0.7071, 0.0000, 0.0000, 0.7071);(-0.8750, 0.8209, 0.6351);(0.0000, -0.1187, 0.0000, 0.9929);0;test
0.5867996;(-0.0700, 1.2600, -4.7700);(0.0000, 0.0000, 0.0000, 1.0000);(0.7071, 0.0000, 0.0000, 0.7071);(-0.8814, 0.8209, 0.6524);(0.0000, -0.1207, 0.0000, 0.9927);0;test
0.6067996;(-0.0700, 1.2600, -4.7700);(0.0000, 0.0000, 0.0000, 1.0000);(0.7071, 0.0000, 0.0000, 0.7071);(-0.8900, 0.8209, 0.6758);(0.0000, -0.1232, 0.0000, 0.9924);0;test
0.6267996;(-0.0700, 1.2600, -4.7700);(0.0000, 0.0000, 0.0000, 1.0000);(0.7071, 0.0000, 0.0000, 0.7071);(-0.8989, 0.8209, 0.7000);(0.0000, -0.1257, 0.0000, 0.9921);0;test
0.6467996;(-0.0700, 1.2600, -4.7700);(0.0000, 0.0000, 0.0000, 1.0000);(0.7071, 0.0000, 0.0000, 0.7071);(-0.9055, 0.8209, 0.7180);(0.0000, -0.1274, 0.0000, 0.9918);0;test
0.6667995;(-0.0700, 1.2600, -4.7700);(0.0000, 0.0000, 0.0000, 1.0000);(0.7071, 0.0000, 0.0000, 0.7071);(-0.9138, 0.8209, 0.7406);(0.0000, -0.1296, 0.0000, 0.9916);0;test
0.6867995;(-0.0700, 1.2600, -4.7700);(0.0000, 0.0000, 0.0000, 1.0000);(0.7071, 0.0000, 0.0000, 0.7071);(-0.9224, 0.8209, 0.7639);(0.0000, -0.1317, 0.0000, 0.9913);0;test
0.7067995;(-0.0700, 1.2600, -4.7700);(0.0000, 0.0000, 0.0000, 1.0000);(0.7071, 0.0000, 0.0000, 0.7071);(-0.9285, 0.8209, 0.7805);(0.0000, -0.1331, 0.0000, 0.9911);0;test
0.7267995;(-0.0700, 1.2600, -4.7700);(0.0000, 0.0000, 0.0000, 1.0000);(0.7071, 0.0000, 0.0000, 0.7071);(-0.9372, 0.8209, 0.8042);(0.0000, -0.1351, 0.0000, 0.9908);0;test
0.7467995;(-0.0700, 1.2600, -4.7700);(0.0000, 0.0000, 0.0000, 1.0000);(0.7071, 0.0000, 0.0000, 0.7071);(-0.9462, 0.8209, 0.8286);(0.0000, -0.1370, 0.0000, 0.9906);0;test
0.7667994;(-0.0700, 1.2600, -4.7700);(0.0000, 0.0000, 0.0000, 1.0000);(0.7071, 0.0000, 0.0000, 0.7071);(-0.9548, 0.8209, 0.8519);(0.0000, -0.1388, 0.0000, 0.9903);0;test
0.7867994;(-0.0700, 1.2600, -4.7700);(0.0000, 0.0000, 0.0000, 1.0000);(0.7071, 0.0000, 0.0000, 0.7071);(-0.9608, 0.8209, 0.8681);(0.0000, -0.1400, 0.0000, 0.9902);0;test
0.8067994;(-0.0700, 1.2600, -4.7700);(0.0000, 0.0000, 0.0000, 1.0000);(0.7071, 0.0000, 0.0000, 0.7071);(-0.9667, 0.8209, 0.8842);(0.0000, -0.1411, 0.0000, 0.9900);0;test
0.8267994;(-0.0700, 1.2600, -4.7700);(0.0000, 0.0000, 0.0000, 1.0000);(0.7071, 0.0000, 0.0000, 0.7071);(-0.9780, 0.8209, 0.9149);(0.0000, -0.1432, 0.0000, 0.9897);0;test
0.8467994;(-0.0700, 1.2600, -4.7700);(0.0000, 0.0000, 0.0000, 1.0000);(0.7071, 0.0000, 0.0000, 0.7071);(-0.9842, 0.8209, 0.9318);(0.0000, -0.1442, 0.0000, 0.9895);0;test
0.8667994;(-0.0700, 1.2600, -4.7700);(0.0000, 0.0000, 0.0000, 1.0000);(0.7071, 0.0000, 0.0000, 0.7071);(-0.9930, 0.8209, 0.9557);(0.0000, -0.1457, 0.0000, 0.9893);0;test
0.8867993;(-0.0700, 1.2600, -4.7700);(0.0000, 0.0000, 0.0000, 1.0000);(0.7071, 0.0000, 0.0000, 0.7071);(-1.0018, 0.8209, 0.9797);(0.0000, -0.1471, 0.0000, 0.9891);0;test
0.9067993;(-0.0700, 1.2600, -4.7700);(0.0000, 0.0000, 0.0000, 1.0000);(0.7071, 0.0000, 0.0000, 0.7071);(-1.0078, 0.8209, 0.9960);(0.0000, -0.1480, 0.0000, 0.9890);0;test
0.9267998;(-0.0700, 1.2600, -4.7700);(0.0000, 0.0000, 0.0000, 1.0000);(0.7071, 0.0000, 0.0000, 0.7071);(-1.0167, 0.8209, 1.0201);(0.0000, -0.1493, 0.0000, 0.9888);0;test
0.9467998;(-0.0700, 1.2600, -4.7700);(0.0000, 0.0000, 0.0000, 1.0000);(0.7071, 0.0000, 0.0000, 0.7071);(-1.0257, 0.8209, 1.0445);(0.0000, -0.1506, 0.0000, 0.9886);0;test
0.9667997;(-0.0700, 1.2600, -4.7700);(0.0000, 0.0000, 0.0000, 1.0000);(0.7071, 0.0000, 0.0000, 0.7071);(-1.0287, 0.8209, 1.0527);(0.0000, -0.1510, 0.0000, 0.9885);0;test
0.9867997;(-0.0700, 1.2600, -4.7700);(0.0000, 0.0000, 0.0000, 1.0000);(0.7071, 0.0000, 0.0000, 0.7071);(-1.0404, 0.8209, 1.0846);(0.0000, -0.1525, 0.0000, 0.9883);0;test
1.0068;(-0.0700, 1.2600, -4.7700);(0.0000, 0.0000, 0.0000, 1.0000);(0.7071, 0.0000, 0.0000, 0.7071);(-1.0491, 0.8209, 1.1082);(0.0000, -0.1536, 0.0000, 0.9881);0;test
1.0268;(-0.0700, 1.2600, -4.7700);(0.0000, 0.0000, 0.0000, 1.0000);(0.7071, 0.0000, 0.0000, 0.7071);(-1.0573, 0.8209, 1.1305);(0.0000, -0.1545, 0.0000, 0.9880);0;test
1.0468;(-0.0700, 1.2600, -4.7700);(0.0000, 0.0000, 0.0000, 1.0000);(0.7071, 0.0000, 0.0000, 0.7071);(-1.0661, 0.8209, 1.1543);(0.0000, -0.1555, 0.0000, 0.9878);0;test
1.0668;(-0.0700, 1.2600, -4.7700);(0.0000, 0.0000, 0.0000, 1.0000);(0.7071, 0.0000, 0.0000, 0.7071);(-1.0721, 0.8209, 1.1707);(0.0000, -0.1562, 0.0000, 0.9877);0;test
1.0868;(-0.0700, 1.2600, -4.7700);(0.0000, 0.0000, 0.0000, 1.0000);(0.7071, 0.0000, 0.0000, 0.7071);(-1.0812, 0.8209, 1.1954);(0.0000, -0.1571, 0.0000, 0.9876);0;test
1.1068;(-0.0700, 1.2600, -4.7700);(0.0000, 0.0000, 0.0000, 1.0000);(0.7071, 0.0000, 0.0000, 0.7071);(-1.0870, 0.8209, 1.2112);(0.0000, -0.1577, 0.0000, 0.9875);0;test
1.1268;(-0.0700, 1.2600, -4.7700);(0.0000, 0.0000, 0.0000, 1.0000);(0.7071, 0.0000, 0.0000, 0.7071);(-1.0959, 0.8209, 1.2353);(0.0000, -0.1585, 0.0000, 0.9874);0;test
1.1468;(-0.0700, 1.2600, -4.7700);(0.0000, 0.0000, 0.0000, 1.0000);(0.7071, 0.0000, 0.0000, 0.7071);(-1.1044, 0.8209, 1.2585);(0.0000, -0.1593, 0.0000, 0.9872);0;test
1.1668;(-0.0700, 1.2600, -4.7700);(0.0000, 0.0000, 0.0000, 1.0000);(0.7071, 0.0000, 0.0000, 0.7071);(-1.1133, 0.8209, 1.2831);(0.0000, -0.1598, 0.0000, 0.9872);0;test
1.1868;(-0.0700, 1.2600, -4.7700);(0.0000, 0.0000, 0.0000, 1.0000);(0.7071, 0.0000, 0.0000, 0.7071);(-1.1190, 0.8209, 1.2991);(0.0000, -0.1600, 0.0000, 0.9871);0;test
1.2068;(-0.0700, 1.2600, -4.7700);(0.0000, 0.0000, 0.0000, 1.0000);(0.7071, 0.0000, 0.0000, 0.7071);(-1.1272, 0.8209, 1.3227);(0.0000, -0.1604, 0.0000, 0.9871);0;test
1.226799;(-0.0700, 1.2600, -4.7700);(0.0000, 0.0000, 0.0000, 1.0000);(0.7071, 0.0000, 0.0000, 0.7071);(-1.1358, 0.8209, 1.3470);(0.0000, -0.1608, 0.0000, 0.9870);0;test
1.246799;(-0.0700, 1.2600, -4.7700);(0.0000, 0.0000, 0.0000, 1.0000);(0.7071, 0.0000, 0.0000, 0.7071);(-1.1440, 0.8209, 1.3705);(0.0000, -0.1611, 0.0000, 0.9869);0;test
1.266799;(-0.0700, 1.2600, -4.7700);(0.0000, 0.0000, 0.0000, 1.0000);(0.7071, 0.0000, 0.0000, 0.7071);(-1.1501, 0.8209, 1.3877);(0.0000, -0.1614, 0.0000, 0.9869);0;test
1.286799;(-0.0700, 1.2600, -4.7700);(0.0000, 0.0000, 0.0000, 1.0000);(0.7071, 0.0000, 0.0000, 0.7071);(-1.1587, 0.8209, 1.4123);(0.0000, -0.1617, 0.0000, 0.9868);0;test
1.306799;(-0.0700, 1.2600, -4.7700);(0.0000, 0.0000, 0.0000, 1.0000);(0.7071, 0.0000, 0.0000, 0.7071);(-1.1646, 0.8209, 1.4290);(0.0000, -0.1619, 0.0000, 0.9868);0;test
1.326799;(-0.0700, 1.2600, -4.7700);(0.0000, 0.0000, 0.0000, 1.0000);(0.7071, 0.0000, 0.0000, 0.7071);(-1.1739, 0.8209, 1.4553);(0.0000, -0.1623, 0.0000, 0.9867);0;test
1.346799;(-0.0700, 1.2600, -4.7700);(0.0000, 0.0000, 0.0000, 1.0000);(0.7071, 0.0000, 0.0000, 0.7071);(-1.1797, 0.8209, 1.4716);(0.0000, -0.1625, 0.0000, 0.9867);0;test
1.366799;(-0.0700, 1.2600, -4.7700);(0.0000, 0.0000, 0.0000, 1.0000);(0.7071, 0.0000, 0.0000, 0.7071);(-1.1880, 0.8209, 1.4952);(0.0000, -0.1628, 0.0000, 0.9867);0;test
1.386799;(-0.0700, 1.2600, -4.7700);(0.0000, 0.0000, 0.0000, 1.0000);(0.7071, 0.0000, 0.0000, 0.7071);(-1.1966, 0.8209, 1.5195);(0.0000, -0.1632, 0.0000, 0.9866);0;test
1.406799;(-0.0700, 1.2600, -4.7700);(0.0000, 0.0000, 0.0000, 1.0000);(0.7071, 0.0000, 0.0000, 0.7071);(-1.2046, 0.8209, 1.5419);(0.0000, -0.1635, 0.0000, 0.9866);0;test
1.426799;(-0.0700, 1.2600, -4.7700);(0.0000, 0.0000, 0.0000, 1.0000);(0.7071, 0.0000, 0.0000, 0.7071);(-1.2078, 0.8209, 1.5509);(0.0000, -0.1636, 0.0000, 0.9865);0;test
1.4468;(-0.0700, 1.2600, -4.7700);(0.0000, 0.0000, 0.0000, 1.0000);(0.7071, 0.0000, 0.0000, 0.7071);(-1.2192, 0.8209, 1.5830);(0.0000, -0.1640, 0.0000, 0.9865);0;test
1.4668;(-0.0700, 1.2600, -4.7700);(0.0000, 0.0000, 0.0000, 1.0000);(0.7071, 0.0000, 0.0000, 0.7071);(-1.2280, 0.8209, 1.6077);(0.0000, -0.1644, 0.0000, 0.9864);0;test
1.4868;(-0.0700, 1.2600, -4.7700);(0.0000, 0.0000, 0.0000, 1.0000);(0.7071, 0.0000, 0.0000, 0.7071);(-1.2342, 0.8209, 1.6247);(0.0000, -0.1646, 0.0000, 0.9864);0;test
1.5068;(-0.0700, 1.2600, -4.7700);(0.0000, 0.0000, 0.0000, 1.0000);(0.7071, 0.0000, 0.0000, 0.7071);(-1.2426, 0.8209, 1.6482);(0.0000, -0.1650, 0.0000, 0.9863);0;test
1.5268;(-0.0700, 1.2600, -4.7700);(0.0000, 0.0000, 0.0000, 1.0000);(0.7071, 0.0000, 0.0000, 0.7071);(-1.2502, 0.8209, 1.6689);(0.0000, -0.1653, 0.0000, 0.9862);0;test
1.5468;(-0.0700, 1.2600, -4.7700);(0.0000, 0.0000, 0.0000, 1.0000);(0.7071, 0.0000, 0.0000, 0.7071);(-1.2590, 0.8209, 1.6933);(0.0000, -0.1656, 0.0000, 0.9862);0;test
1.5668;(-0.0700, 1.2600, -4.7700);(0.0000, 0.0000, 0.0000, 1.0000);(0.7071, 0.0000, 0.0000, 0.7071);(-1.2650, 0.8209, 1.7100);(0.0000, -0.1659, 0.0000, 0.9861);0;test
1.5868;(-0.0700, 1.2600, -4.7700);(0.0000, 0.0000, 0.0000, 1.0000);(0.7071, 0.0000, 0.0000, 0.7071);(-1.2741, 0.8209, 1.7350);(0.0000, -0.1662, 0.0000, 0.9861);0;test
1.6068;(-0.0700, 1.2600, -4.7700);(0.0000, 0.0000, 0.0000, 1.0000);(0.7071, 0.0000, 0.0000, 0.7071);(-1.2800, 0.8209, 1.7514);(0.0000, -0.1663, 0.0000, 0.9861);0;test
1.6268;(-0.0700, 1.2600, -4.7700);(0.0000, 0.0000, 0.0000, 1.0000);(0.7071, 0.0000, 0.0000, 0.7071);(-1.2888, 0.8209, 1.7758);(0.0000, -0.1666, 0.0000, 0.9860);0;test
1.6468;(-0.0700, 1.2600, -4.7700);(0.0000, 0.0000, 0.0000, 1.0000);(0.7071, 0.0000, 0.0000, 0.7071);(-1.2979, 0.8209, 1.8011);(0.0000, -0.1670, 0.0000, 0.9859);0;test
1.6668;(-0.0700, 1.2600, -4.7700);(0.0000, 0.0000, 0.0000, 1.0000);(0.7071, 0.0000, 0.0000, 0.7071);(-1.3039, 0.8209, 1.8173);(0.0000, -0.1672, 0.0000, 0.9859);0;test
1.6868;(-0.0700, 1.2600, -4.7700);(0.0000, 0.0000, 0.0000, 1.0000);(0.7071, 0.0000, 0.0000, 0.7071);(-1.3126, 0.8209, 1.8412);(0.0000, -0.1675, 0.0000, 0.9859);0;test
1.7068;(-0.0700, 1.2600, -4.7700);(0.0000, 0.0000, 0.0000, 1.0000);(0.7071, 0.0000, 0.0000, 0.7071);(-1.3212, 0.8209, 1.8650);(0.0000, -0.1678, 0.0000, 0.9858);0;test
1.726799;(-0.0700, 1.2600, -4.7700);(0.0000, 0.0000, 0.0000, 1.0000);(0.7071, 0.0000, 0.0000, 0.7071);(-1.3284, 0.8209, 1.8847);(0.0000, -0.1680, 0.0000, 0.9858);0;test
1.746799;(-0.0700, 1.2600, -4.7700);(0.0000, 0.0000, 0.0000, 1.0000);(0.7071, 0.0000, 0.0000, 0.7071);(-1.3371, 0.8209, 1.9086);(0.0000, -0.1684, 0.0000, 0.9857);0;test
1.766799;(-0.0700, 1.2600, -4.7700);(0.0000, 0.0000, 0.0000, 1.0000);(0.7071, 0.0000, 0.0000, 0.7071);(-1.3431, 0.8209, 1.9247);(0.0000, -0.1686, 0.0000, 0.9857);0;test
1.786799;(-0.0700, 1.2600, -4.7700);(0.0000, 0.0000, 0.0000, 1.0000);(0.7071, 0.0000, 0.0000, 0.7071);(-1.3518, 0.8209, 1.9482);(0.0000, -0.1690, 0.0000, 0.9856);0;test
1.806799;(-0.0700, 1.2600, -4.7700);(0.0000, 0.0000, 0.0000, 1.0000);(0.7071, 0.0000, 0.0000, 0.7071);(-1.3607, 0.8209, 1.9725);(0.0000, -0.1693, 0.0000, 0.9856);0;test
1.826799;(-0.0700, 1.2600, -4.7700);(0.0000, 0.0000, 0.0000, 1.0000);(0.7071, 0.0000, 0.0000, 0.7071);(-1.3668, 0.8209, 1.9889);(0.0000, -0.1695, 0.0000, 0.9855);0;test
1.846799;(-0.0700, 1.2600, -4.7700);(0.0000, 0.0000, 0.0000, 1.0000);(0.7071, 0.0000, 0.0000, 0.7071);(-1.3760, 0.8209, 2.0140);(0.0000, -0.1698, 0.0000, 0.9855);0;test
1.866799;(-0.0700, 1.2600, -4.7700);(0.0000, 0.0000, 0.0000, 1.0000);(0.7071, 0.0000, 0.0000, 0.7071);(-1.3823, 0.8209, 2.0309);(0.0000, -0.1702, 0.0000, 0.9854);0;test
1.886799;(-0.0700, 1.2600, -4.7700);(0.0000, 0.0000, 0.0000, 1.0000);(0.7071, 0.0000, 0.0000, 0.7071);(-1.3886, 0.8209, 2.0475);(0.0000, -0.1704, 0.0000, 0.9854);0;test
1.906799;(-0.0700, 1.2600, -4.7700);(0.0000, 0.0000, 0.0000, 1.0000);(0.7071, 0.0000, 0.0000, 0.7071);(-1.4001, 0.8209, 2.0785);(0.0000, -0.1708, 0.0000, 0.9853);0;test
1.926799;(-0.0700, 1.2600, -4.7700);(0.0000, 0.0000, 0.0000, 1.0000);(0.7071, 0.0000, 0.0000, 0.7071);(-1.4083, 0.8209, 2.1004);(0.0000, -0.1711, 0.0000, 0.9852);0;test
1.946799;(-0.0700, 1.2600, -4.7700);(0.0000, 0.0000, 0.0000, 1.0000);(0.7071, 0.0000, 0.0000, 0.7071);(-1.4143, 0.8209, 2.1165);(0.0000, -0.1714, 0.0000, 0.9852);0;test
1.9668;(-0.0700, 1.2600, -4.7700);(0.0000, 0.0000, 0.0000, 1.0000);(0.7071, 0.0000, 0.0000, 0.7071);(-1.4234, 0.8209, 2.1406);(0.0000, -0.1719, 0.0000, 0.9851);0;test

1.9868;(-0.0700, 1.2600, -4.7700);(0.0000, 0.0000, 0.0000, 1.0000);(0.7071, 0.0000, 0.0000, 0.7071);(-1.4310, 0.8209, 2.1603);(0.0000, -0.1722, 0.0000, 0.9851);0;test
2.0068;(-0.0700, 1.2600, -4.7700);(0.0000, 0.0000, 0.0000, 1.0000);(0.7071, 0.0000, 0.0000, 0.7071);(-1.4402, 0.8209, 2.1846);(0.0000, -0.1727, 0.0000, 0.9850);0;test
2.0268;(-0.0700, 1.2600, -4.7700);(0.0000, 0.0000, 0.0000, 1.0000);(0.7071, 0.0000, 0.0000, 0.7071);(-1.4468, 0.8209, 2.2016);(0.0000, -0.1730, 0.0000, 0.9849);0;test
2.0468;(-0.0700, 1.2600, -4.7700);(0.0000, 0.0000, 0.0000, 1.0000);(0.7071, 0.0000, 0.0000, 0.7071);(-1.4561, 0.8209, 2.2258);(0.0000, -0.1735, 0.0000, 0.9848);0;test
2.0668;(-0.0700, 1.2600, -4.7700);(0.0000, 0.0000, 0.0000, 1.0000);(0.7071, 0.0000, 0.0000, 0.7071);(-1.4650, 0.8209, 2.2485);(0.0000, -0.1740, 0.0000, 0.9847);0;test
2.0868;(-0.0700, 1.2600, -4.7700);(0.0000, 0.0000, 0.0000, 1.0000);(0.7071, 0.0000, 0.0000, 0.7071);(-1.4743, 0.8209, 2.2718);(0.0000, -0.1749, 0.0000, 0.9846);0;test
2.1068;(-0.0700, 1.2600, -4.7700);(0.0000, 0.0000, 0.0000, 1.0000);(0.7071, 0.0000, 0.0000, 0.7071);(-1.4818, 0.8209, 2.2899);(0.0000, -0.1757, 0.0000, 0.9844);0;test
2.1268;(-0.0700, 1.2600, -4.7700);(0.0000, 0.0000, 0.0000, 1.0000);(0.7071, 0.0000, 0.0000, 0.7071);(-1.4888, 0.8209, 2.3066);(0.0000, -0.1764, 0.0000, 0.9843);0;test
2.1468;(-0.0700, 1.2600, -4.7700);(0.0000, 0.0000, 0.0000, 1.0000);(0.7071, 0.0000, 0.0000, 0.7071);(-1.4992, 0.8209, 2.3315);(0.0000, -0.1774, 0.0000, 0.9841);0;test
2.1668;(-0.0700, 1.2600, -4.7700);(0.0000, 0.0000, 0.0000, 1.0000);(0.7071, 0.0000, 0.0000, 0.7071);(-1.5103, 0.8209, 2.3546);(0.0000, -0.1808, 0.0000, 0.9835);0;test
2.1868;(-0.0700, 1.2600, -4.7700);(0.0000, 0.0000, 0.0000, 1.0000);(0.7071, 0.0000, 0.0000, 0.7071);(-1.5199, 0.8209, 2.3692);(0.0000, -0.1852, 0.0000, 0.9827);0;test
2.2068;(-0.0700, 1.2600, -4.7700);(0.0000, 0.0000, 0.0000, 1.0000);(0.7071, 0.0000, 0.0000, 0.7071);(-1.5354, 0.8209, 2.3877);(0.0000, -0.1942, 0.0000, 0.9810);0;test
2.226799;(-0.0700, 1.2600, -4.7700);(0.0000, 0.0000, 0.0000, 1.0000);(0.7071, 0.0000, 0.0000, 0.7071);(-1.5536, 0.8209, 2.4048);(0.0000, -0.2038, 0.0000, 0.9790);0;test
2.246799;(-0.0700, 1.2600, -4.7700);(0.0000, 0.0000, 0.0000, 1.0000);(0.7071, 0.0000, 0.0000, 0.7071);(-1.5738, 0.8209, 2.4237);(0.0000, -0.2140, 0.0000, 0.9768);0;test
2.266799;(-0.0700, 1.2600, -4.7700);(0.0000, 0.0000, 0.0000, 1.0000);(0.7071, 0.0000, 0.0000, 0.7071);(-1.5857, 0.8209, 2.4349);(0.0000, -0.2197, 0.0000, 0.9756);0;test
2.286799;(-0.0700, 1.2600, -4.7700);(0.0000, 0.0000, 0.0000, 1.0000);(0.7071, 0.0000, 0.0000, 0.7071);(-1.6040, 0.8209, 2.4520);(0.0000, -0.2281, 0.0000, 0.9736);0;test
2.306799;(-0.0700, 1.2600, -4.7700);(0.0000, 0.0000, 0.0000, 1.0000);(0.7071, 0.0000, 0.0000, 0.7071);(-1.6224, 0.8209, 2.4692);(0.0000, -0.2362, 0.0000, 0.9717);0;test
2.326799;(-0.0700, 1.2600, -4.7700);(0.0000, 0.0000, 0.0000, 1.0000);(0.7071, 0.0000, 0.0000, 0.7071);(-1.6350, 0.8209, 2.4810);(0.0000, -0.2415, 0.0000, 0.9704);0;test
2.346799;(-0.0700, 1.2600, -4.7700);(0.0000, 0.0000, 0.0000, 1.0000);(0.7071, 0.0000, 0.0000, 0.7071);(-1.6488, 0.8209, 2.4939);(0.0000, -0.2471, 0.0000, 0.9690);0;test
2.366799;(-0.0700, 1.2600, -4.7700);(0.0000, 0.0000, 0.0000, 1.0000);(0.7071, 0.0000, 0.0000, 0.7071);(-1.6728, 0.8209, 2.5164);(0.0000, -0.2564, 0.0000, 0.9666);0;test
2.386799;(-0.0700, 1.2600, -4.7700);(0.0000, 0.0000, 0.0000, 1.0000);(0.7071, 0.0000, 0.0000, 0.7071);(-1.6909, 0.8209, 2.5334);(0.0000, -0.2631, 0.0000, 0.9648);0;test
2.406799;(-0.0700, 1.2600, -4.7700);(0.0000, 0.0000, 0.0000, 1.0000);(0.7071, 0.0000, 0.0000, 0.7071);(-1.7037, 0.8209, 2.5453);(0.0000, -0.2675, 0.0000, 0.9636);0;test
2.426799;(-0.0700, 1.2600, -4.7700);(0.0000, 0.0000, 0.0000, 1.0000);(0.7071, 0.0000, 0.0000, 0.7071);(-1.7218, 0.8209, 2.5623);(0.0000, -0.2736, 0.0000, 0.9618);0;test
2.446799;(-0.0700, 1.2600, -4.7700);(0.0000, 0.0000, 0.0000, 1.0000);(0.7071, 0.0000, 0.0000, 0.7071);(-1.7415, 0.8209, 2.5807);(0.0000, -0.2799, 0.0000, 0.9600);0;test
2.4668;(-0.0700, 1.2600, -4.7700);(0.0000, 0.0000, 0.0000, 1.0000);(0.7071, 0.0000, 0.0000, 0.7071);(-1.7543, 0.8209, 2.5927);(0.0000, -0.2838, 0.0000, 0.9589);0;test
2.4868;(-0.0700, 1.2600, -4.7700);(0.0000, 0.0000, 0.0000, 1.0000);(0.7071, 0.0000, 0.0000, 0.7071);(-1.7723, 0.8209, 2.6096);(0.0000, -0.2891, 0.0000, 0.9573);0;test
2.5068;(-0.0700, 1.2600, -4.7700);(0.0000, 0.0000, 0.0000, 1.0000);(0.7071, 0.0000, 0.0000, 0.7071);(-1.7907, 0.8209, 2.6268);(0.0000, -0.2943, 0.0000, 0.9557);0;test
2.5268;(-0.0700, 1.2600, -4.7700);(0.0000, 0.0000, 0.0000, 1.0000);(0.7071, 0.0000, 0.0000, 0.7071);(-1.8037, 0.8209, 2.6389);(0.0000, -0.2978, 0.0000, 0.9546);0;test
2.5468;(-0.0700, 1.2600, -4.7700);(0.0000, 0.0000, 0.0000, 1.0000);(0.7071, 0.0000, 0.0000, 0.7071);(-1.8240, 0.8209, 2.6579);(0.0000, -0.3030, 0.0000, 0.9530);0;test
2.5668;(-0.0700, 1.2600, -4.7700);(0.0000, 0.0000, 0.0000, 1.0000);(0.7071, 0.0000, 0.0000, 0.7071);(-1.8423, 0.8209, 2.6745);(0.0000, -0.3084, 0.0000, 0.9513);0;test
2.5868;(-0.0700, 1.2600, -4.7700);(0.0000, 0.0000, 0.0000, 1.0000);(0.7071, 0.0000, 0.0000, 0.7071);(-1.8562, 0.8209, 2.6846);(0.0000, -0.3141, 0.0000, 0.9494);0;test
2.6068;(-0.0700, 1.2600, -4.7700);(0.0000, 0.0000, 0.0000, 1.0000);(0.7071, 0.0000, 0.0000, 0.7071);(-1.8774, 0.8209, 2.6959);(0.0000, -0.3249, 0.0000, 0.9457);0;test
2.6268;(-0.0700, 1.2600, -4.7700);(0.0000, 0.0000, 0.0000, 1.0000);(0.7071, 0.0000, 0.0000, 0.7071);(-1.9000, 0.8209, 2.7034);(0.0000, -0.3387, 0.0000, 0.9409);0;test
2.6468;(-0.0700, 1.2600, -4.7700);(0.0000, 0.0000, 0.0000, 1.0000);(0.7071, 0.0000, 0.0000, 0.7071);(-1.9173, 0.8209, 2.7066);(0.0000, -0.3508, 0.0000, 0.9365);0;test
2.6668;(-0.0700, 1.2600, -4.7700);(0.0000, 0.0000, 0.0000, 1.0000);(0.7071, 0.0000, 0.0000, 0.7071);(-1.9413, 0.8209, 2.7080);(0.0000, -0.3693, 0.0000, 0.9293);0;test
2.6868;(-0.0700, 1.2600, -4.7700);(0.0000, 0.0000, 0.0000, 1.0000);(0.7071, 0.0000, 0.0000, 0.7071);(-1.9587, 0.8209, 2.7074);(0.0000, -0.3821, 0.0000, 0.9241);0;test
2.7068;(-0.0700, 1.2600, -4.7700);(0.0000, 0.0000, 0.0000, 1.0000);(0.7071, 0.0000, 0.0000, 0.7071);(-1.9839, 0.8209, 2.7065);(0.0000, -0.3996, 0.0000, 0.9167);0;test
2.726799;(-0.0700, 1.2600, -4.7700);(0.0000, 0.0000, 0.0000, 1.0000);(0.7071, 0.0000, 0.0000, 0.7071);(-2.0077, 0.8209, 2.7057);(0.0000, -0.4153, 0.0000, 0.9097);0;test
2.746799;(-0.0700, 1.2600, -4.7700);(0.0000, 0.0000, 0.0000, 1.0000);(0.7071, 0.0000, 0.0000, 0.7071);(-2.0333, 0.8209, 2.7048);(0.0000, -0.4314, 0.0000, 0.9022);0;test
2.766799;(-0.0700, 1.2600, -4.7700);(0.0000, 0.0000, 0.0000, 1.0000);(0.7071, 0.0000, 0.0000, 0.7071);(-2.0507, 0.8209, 2.7043);(0.0000, -0.4417, 0.0000, 0.8971);0;test
2.786799;(-0.0700, 1.2600, -4.7700);(0.0000, 0.0000, 0.0000, 1.0000);(0.7071, 0.0000, 0.0000, 0.7071);(-2.0768, 0.8209, 2.7034);(0.0000, -0.4566, 0.0000, 0.8897);0;test
2.806799;(-0.0700, 1.2600, -4.7700);(0.0000, 0.0000, 0.0000, 1.0000);(0.7071, 0.0000, 0.0000, 0.7071);(-2.0937, 0.8209, 2.7029);(0.0000, -0.4657, 0.0000, 0.8849);0;test
2.826799;(-0.0700, 1.2600, -4.7700);(0.0000, 0.0000, 0.0000, 1.0000);(0.7071, 0.0000, 0.0000, 0.7071);(-2.1264, 0.8209, 2.7018);(0.0000, -0.4825, 0.0000, 0.8759);0;test
2.846799;(-0.0700, 1.2600, -4.7700);(0.0000, 0.0000, 0.0000, 1.0000);(0.7071, 0.0000, 0.0000, 0.7071);(-2.1436, 0.8209, 2.7012);(0.0000, -0.4909, 0.0000, 0.8712);0;test
2.866799;(-0.0700, 1.2600, -4.7700);(0.0000, 0.0000, 0.0000, 1.0000);(0.7071, 0.0000, 0.0000, 0.7071);(-2.1696, 0.8209, 2.7003);(0.0000, -0.5029, 0.0000, 0.8643);0;test
2.886799;(-0.0700, 1.2600, -4.7700);(0.0000, 0.0000, 0.0000, 1.0000);(0.7071, 0.0000, 0.0000, 0.7071);(-2.1950, 0.8209, 2.6994);(0.0000, -0.5141, 0.0000, 0.8578);0;test
2.906799;(-0.0700, 1.2600, -4.7700);(0.0000, 0.0000, 0.0000, 1.0000);(0.7071, 0.0000, 0.0000, 0.7071);(-2.2116, 0.8209, 2.6988);(0.0000, -0.5210, 0.0000, 0.8536);0;test
2.926799;(-0.0700, 1.2600, -4.7700);(0.0000, 0.0000, 0.0000, 1.0000);(0.7071, 0.0000, 0.0000, 0.7071);(-2.2367, 0.8209, 2.6979);(0.0000, -0.5311, 0.0000, 0.8473);0;test
2.946799;(-0.0700, 1.2600, -4.7700);(0.0000, 0.0000, 0.0000, 1.0000);(0.7071, 0.0000, 0.0000, 0.7071);(-2.2622, 0.8209, 2.6970);(0.0000, -0.5408, 0.0000, 0.8412);0;test
2.966799;(-0.0700, 1.2600, -4.7700);(0.0000, 0.0000, 0.0000, 1.0000);(0.7071, 0.0000, 0.0000, 0.7071);(-2.2705, 0.8209, 2.6967);(0.0000, -0.5438, 0.0000, 0.8392);0;test
2.9868;(-0.0700, 1.2600, -4.7700);(0.0000, 0.0000, 0.0000, 1.0000);(0.7071, 0.0000, 0.0000, 0.7071);(-2.3050, 0.8209, 2.6954);(0.0000, -0.5560, 0.0000, 0.8312);0;test
3.0068;(-0.0700, 1.2600, -4.7700);(0.0000, 0.0000, 0.0000, 1.0000);(0.7071, 0.0000, 0.0000, 0.7071);(-2.3303, 0.8209, 2.6944);(0.0000, -0.5643, 0.0000, 0.8256);0;test
3.0268;(-0.0700, 1.2600, -4.7700);(0.0000, 0.0000, 0.0000, 1.0000);(0.7071, 0.0000, 0.0000, 0.7071);(-2.3495, 0.8209, 2.6936);(0.0000, -0.5705, 0.0000, 0.8213);0;test
3.0468;(-0.0700, 1.2600, -4.7700);(0.0000, 0.0000, 0.0000, 1.0000);(0.7071, 0.0000, 0.0000, 0.7071);(-2.3714, 0.8209, 2.6926);(0.0000, -0.5770, 0.0000, 0.8167);0;test
3.0668;(-0.0700, 1.2600, -4.7700);(0.0000, 0.0000, 0.0000, 1.0000);(0.7071, 0.0000, 0.0000, 0.7071);(-2.3923, 0.8209, 2.6918);(0.0000, -0.5831, 0.0000, 0.8124);0;test
3.0868;(-0.0700, 1.2600, -4.7700);(0.0000, 0.0000, 0.0000, 1.0000);(0.7071, 0.0000, 0.0000, 0.7071);(-2.4207, 0.8209, 2.6905);(0.0000, -0.5911, 0.0000, 0.8066);0;test
3.1068;(-0.0700, 1.2600, -4.7700);(0.0000, 0.0000, 0.0000, 1.0000);(0.7071, 0.0000, 0.0000, 0.7071);(-2.4393, 0.8209, 2.6894);(0.0000, -0.5961, 0.0000, 0.8029);0;test
3.1268;(-0.0700, 1.2600, -4.7700);(0.0000, 0.0000, 0.0000, 1.0000);(0.7071, 0.0000, 0.0000, 0.7071);(-2.4660, 0.8209, 2.6879);(0.0000, -0.6031, 0.0000, 0.7977);0;test
3.1468;(-0.0700, 1.2600, -4.7700);(0.0000, 0.0000, 0.0000, 1.0000);(0.7071, 0.0000, 0.0000, 0.7071);(-2.4840, 0.8209, 2.6868);(0.0000, -0.6075, 0.0000, 0.7943);0;test
3.1668;(-0.0700, 1.2600, -4.7700);(0.0000, 0.0000, 0.0000, 1.0000);(0.7071, 0.0000, 0.0000, 0.7071);(-2.5112, 0.8209, 2.6853);(0.0000, -0.6139, 0.0000, 0.7894);0;test
3.1868;(-0.0700, 1.2600, -4.7700);(0.0000, 0.0000, 0.0000, 1.0000);(0.7071, 0.0000, 0.0000, 0.7071);(-2.5313, 0.8209, 2.6841);(0.0000, -0.6184, 0.0000, 0.7859);0;test
3.2068;(-0.0700, 1.2600, -4.7700);(0.0000, 0.0000, 0.0000, 1.0000);(0.7071, 0.0000, 0.0000, 0.7071);(-2.5583, 0.8209, 2.6825);(0.0000, -0.6242, 0.0000, 0.7813);0;test
3.226799;(-0.0700, 1.2600, -4.7700);(0.0000, 0.0000, 0.0000, 1.0000);(0.7071, 0.0000, 0.0000, 0.7071);(-2.5784, 0.8209, 2.6814);(0.0000, -0.6282, 0.0000, 0.7780);0;test
3.246799;(-0.0700, 1.2600, -4.7700);(0.0000, 0.0000, 0.0000, 1.0000);(0.7071, 0.0000, 0.0000, 0.7071);(-2.6040, 0.8209, 2.6799);(0.0000, -0.6332, 0.0000, 0.7740);0;test
3.266799;(-0.0700, 1.2600, -4.7700);(0.0000, 0.0000, 0.0000, 1.0000);(0.7071, 0.0000, 0.0000, 0.7071);(-2.6214, 0.8209, 2.6789);(0.0000, -0.6364, 0.0000, 0.7714);0;test
3.286799;(-0.0700, 1.2600, -4.7700);(0.0000, 0.0000, 0.0000, 1.0000);(0.7071, 0.0000, 0.0000, 0.7071);(-2.6485, 0.8209, 2.6773);(0.0000, -0.6412, 0.0000, 0.7674);0;test
3.306799;(-0.0700, 1.2600, -4.7700);(0.0000, 0.0000, 0.0000, 1.0000);(0.7071, 0.0000, 0.0000, 0.7071);(-2.6741, 0.8209, 2.6759);(0.0000, -0.6454, 0.0000, 0.7638);0;test
3.326799;(-0.0700, 1.2600, -4.7700);(0.0000, 0.0000, 0.0000, 1.0000);(0.7071, 0.0000, 0.0000, 0.7071);(-2.6823, 0.8209, 2.6754);(0.0000, -0.6468, 0.0000, 0.7627);0;test
3.346799;(-0.0700, 1.2600, -4.7700);(0.0000, 0.0000, 0.0000, 1.0000);(0.7071, 0.0000, 0.0000, 0.7071);(-2.7144, 0.8209, 2.6735);(0.0000, -0.6518, 0.0000, 0.7584);0;test
3.366799;(-0.0700, 1.2600, -4.7700);(0.0000, 0.0000, 0.0000, 1.0000);(0.7071, 0.0000, 0.0000, 0.7071);(-2.7407, 0.8209, 2.6720);(0.0000, -0.6556, 0.0000, 0.7551);0;test
3.386799;(-0.0700, 1.2600, -4.7700);(0.0000, 0.0000, 0.0000, 1.0000);(0.7071, 0.0000, 0.0000, 0.7071);(-2.7672, 0.8209, 2.6705);(0.0000, -0.6592, 0.0000, 0.7519);0;test
3.406799;(-0.0700, 1.2600, -4.7700);(0.0000, 0.0000, 0.0000, 1.0000);(0.7071, 0.0000, 0.0000, 0.7071);(-2.7843, 0.8209, 2.6695);(0.0000, -0.6615, 0.0000, 0.7499);0;test
3.426799;(-0.0700, 1.2600, -4.7700);(0.0000, 0.0000, 0.0000, 1.0000);(0.7071, 0.0000, 0.0000, 0.7071);(-2.8022, 0.8209, 2.6685);(0.0000, -0.6638, 0.0000, 0.7479);0;test
3.446799;(-0.0700, 1.2600, -4.7700);(0.0000, 0.0000, 0.0000, 1.0000);(0.7071, 0.0000, 0.0000, 0.7071);(-2.8340, 0.8209, 2.6666);(0.0000, -0.6679, 0.0000, 0.7443);0;test
3.466799;(-0.0700, 1.2600, -4.7700);(0.0000, 0.0000, 0.0000, 1.0000);(0.7071, 0.0000, 0.0000, 0.7071);(-2.8587, 0.8209, 2.6628);(0.0000, -0.6732, 0.0000, 0.7394);0;test
3.4868;(-0.0700, 1.2600, -4.7700);(0.0000, 0.0000, 0.0000, 1.0000);(0.7071, 0.0000, 0.0000, 0.7071);(-2.8748, 0.8209, 2.6581);(0.0000, -0.6784, 0.0000, 0.7347);0;test
3.5068;(-0.0700, 1.2600, -4.7700);(0.0000, 0.0000, 0.0000, 1.0000);(0.7071, 0.0000, 0.0000, 0.7071);(-2.8958, 0.8209, 2.6486);(0.0000, -0.6874, 0.0000, 0.7263);0;test
3.5268;(-0.0700, 1.2600, -4.7700);(0.0000, 0.0000, 0.0000, 1.0000);(0.7071, 0.0000, 0.0000, 0.7071);(-2.9137, 0.8209, 2.6371);(0.0000, -0.6977, 0.0000, 0.7164);0;test
3.5468;(-0.0700, 1.2600, -4.7700);(0.0000, 0.0000, 0.0000, 1.0000);(0.7071, 0.0000, 0.0000, 0.7071);(-2.9286, 0.8209, 2.6244);(0.0000, -0.7083, 0.0000, 0.7059);0;test
3.566799;(-0.0700, 1.2600, -4.7700);(0.0000, 0.0000, 0.0000, 1.0000);(0.7071, 0.0000, 0.0000, 0.7071);(-2.9472, 0.8209, 2.6031);(0.0000, -0.7244, 0.0000, 0.6894);0;test
3.5868;(-0.0700, 1.2600, -4.7700);(0.0000, 0.0000, 0.0000, 1.0000);(0.7071, 0.0000, 0.0000, 0.7071);(-2.9523, 0.8209, 2.5969);(0.0000, -0.7287, 0.0000, 0.6848);0;test
3.606799;(-0.0700, 1.2600, -4.7700);(0.0000, 0.0000, 0.0000, 1.0000);(0.7071, 0.0000, 0.0000, 0.7071);(-2.9741, 0.8209, 2.5702);(0.0000, -0.7462, 0.0000, 0.6658);0;test
3.6268;(-0.0700, 1.2600, -4.7700);(0.0000, 0.0000, 0.0000, 1.0000);(0.7071, 0.0000, 0.0000, 0.7071);(-2.9897, 0.8209, 2.5516);(0.0000, -0.7575, 0.0000, 0.6529);0;test
3.646799;(-0.0700, 1.2600, -4.7700);(0.0000, 0.0000, 0.0000, 1.0000);(0.7071, 0.0000, 0.0000, 0.7071);(-3.0059, 0.8209, 2.5319);(0.0000, -0.7686, 0.0000, 0.6397);0;test
3.6668;(-0.0700, 1.2600, -4.7700);(0.0000, 0.0000, 0.0000, 1.0000);(0.7071, 0.0000, 0.0000, 0.7071);(-3.0160, 0.8209, 2.5194);(0.0000, -0.7753, 0.0000, 0.6316);0;test
3.686799;(-0.0700, 1.2600, -4.7700);(0.0000, 0.0000, 0.0000, 1.0000);(0.7071, 0.0000, 0.0000, 0.7071);(-3.0319, 0.8209, 2.4999);(0.0000, -0.7852, 0.0000, 0.6192);0;test
3.7068;(-0.0700, 1.2600, -4.7700);(0.0000, 0.0000, 0.0000, 1.0000);(0.7071, 0.0000, 0.0000, 0.7071);(-3.0427, 0.8209, 2.4866);(0.0000, -0.7916, 0.0000, 0.6110);0;test
3.726799;(-0.0700, 1.2600, -4.7700);(0.0000, 0.0000, 0.0000, 1.0000);(0.7071, 0.0000, 0.0000, 0.7071);(-3.0630, 0.8209, 2.4615);(0.0000, -0.8030, 0.0000, 0.5960);0;test
3.746799;(-0.0700, 1.2600, -4.7700);(0.0000, 0.0000, 0.0000, 1.0000);(0.7071, 0.0000, 0.0000, 0.7071);(-3.0733, 0.8209, 2.4487);(0.0000, -0.8084, 0.0000, 0.5887);0;test
3.7668;(-0.0700, 1.2600, -4.7700);(0.0000, 0.0000, 0.0000, 1.0000);(0.7071, 0.0000, 0.0000, 0.7071);(-3.0895, 0.8209, 2.4287);(0.0000, -0.8164, 0.0000, 0.5775);0;test
3.786799;(-0.0700, 1.2600, -4.7700);(0.0000, 0.0000, 0.0000, 1.0000);(0.7071, 0.0000, 0.0000, 0.7071);(-3.1058, 0.8209, 2.4086);(0.0000, -0.8239, 0.0000, 0.5668);0;test
3.8068;(-0.0700, 1.2600, -4.7700);(0.0000, 0.0000, 0.0000, 1.0000);(0.7071, 0.0000, 0.0000, 0.7071);(-3.1209, 0.8209, 2.3899);(0.0000, -0.8304, 0.0000, 0.5571);0;test
3.826799;(-0.0700, 1.2600, -4.7700);(0.0000, 0.0000, 0.0000, 1.0000);(0.7071, 0.0000, 0.0000, 0.7071);(-3.1330, 0.8209, 2.3749);(0.0000, -0.8354, 0.0000, 0.5497);0;test
3.8468;(-0.0700, 1.2600, -4.7700);(0.0000, 0.0000, 0.0000, 1.0000);(0.7071, 0.0000, 0.0000, 0.7071);(-3.1490, 0.8209, 2.3551);(0.0000, -0.8416, 0.0000, 0.5402);0;test
3.866799;(-0.0700, 1.2600, -4.7700);(0.0000, 0.0000, 0.0000, 1.0000);(0.7071, 0.0000, 0.0000, 0.7071);(-3.1608, 0.8209, 2.3405);(0.0000, -0.8459, 0.0000, 0.5334);0;test
3.8868;(-0.0700, 1.2600, -4.7700);(0.0000, 0.0000, 0.0000, 1.0000);(0.7071, 0.0000, 0.0000, 0.7071);(-3.1663, 0.8209, 2.3338);(0.0000, -0.8480, 0.0000, 0.5300);0;test
3.906799;(-0.0700, 1.2600, -4.7700);(0.0000, 0.0000, 0.0000, 1.0000);(0.7071, 0.0000, 0.0000, 0.7071);(-3.1841, 0.8209, 2.3093);(0.0000, -0.8579, 0.0000, 0.5139);0;test
3.9268;(-0.0700, 1.2600, -4.7700);(0.0000, 0.0000, 0.0000, 1.0000);(0.7071, 0.0000, 0.0000, 0.7071);(-3.1955, 0.8209, 2.2804);(0.0000, -0.8694, 0.0000, 0.4941);0;test
3.946799;(-0.0700, 1.2600, -4.7700);(0.0000, 0.0000, 0.0000, 1.0000);(0.7071, 0.0000, 0.0000, 0.7071);(-3.1998, 0.8209, 2.2559);(0.0000, -0.8798, 0.0000, 0.4753);0;test
3.9668;(-0.0700, 1.2600, -4.7700);(0.0000, 0.0000, 0.0000, 1.0000);(0.7071, 0.0000, 0.0000, 0.7071);(-3.2006, 0.8209, 2.2389);(0.0000, -0.8872, 0.0000, 0.4614);0;test

3.986799;(-0.0700, 1.2600, -4.7700);(0.0000, 0.0000, 0.0000, 1.0000);(0.7071, 0.0000, 0.0000, 0.7071);(-3.2004, 0.8209, 2.2124);(0.0000, -0.8978, 0.0000, 0.4404);0;test
4.0068;(-0.0700, 1.2600, -4.7700);(0.0000, 0.0000, 0.0000, 1.0000);(0.7071, 0.0000, 0.0000, 0.7071);(-3.2002, 0.8209, 2.1877);(0.0000, -0.9068, 0.0000, 0.4215);0;test
4.026799;(-0.0700, 1.2600, -4.7700);(0.0000, 0.0000, 0.0000, 1.0000);(0.7071, 0.0000, 0.0000, 0.7071);(-3.2001, 0.8209, 2.1696);(0.0000, -0.9129, 0.0000, 0.4081);0;test
4.0468;(-0.0700, 1.2600, -4.7700);(0.0000, 0.0000, 0.0000, 1.0000);(0.7071, 0.0000, 0.0000, 0.7071);(-3.1999, 0.8209, 2.1427);(0.0000, -0.9213, 0.0000, 0.3889);0;test
4.066799;(-0.0700, 1.2600, -4.7700);(0.0000, 0.0000, 0.0000, 1.0000);(0.7071, 0.0000, 0.0000, 0.7071);(-3.1997, 0.8209, 2.1236);(0.0000, -0.9268, 0.0000, 0.3755);0;test
4.0868;(-0.0700, 1.2600, -4.7700);(0.0000, 0.0000, 0.0000, 1.0000);(0.7071, 0.0000, 0.0000, 0.7071);(-3.1995, 0.8209, 2.0977);(0.0000, -0.9336, 0.0000, 0.3583);0;test
4.106799;(-0.0700, 1.2600, -4.7700);(0.0000, 0.0000, 0.0000, 1.0000);(0.7071, 0.0000, 0.0000, 0.7071);(-3.1994, 0.8209, 2.0785);(0.0000, -0.9382, 0.0000, 0.3460);0;test
4.1268;(-0.0700, 1.2600, -4.7700);(0.0000, 0.0000, 0.0000, 1.0000);(0.7071, 0.0000, 0.0000, 0.7071);(-3.1992, 0.8209, 2.0531);(0.0000, -0.9439, 0.0000, 0.3303);0;test
4.146799;(-0.0700, 1.2600, -4.7700);(0.0000, 0.0000, 0.0000, 1.0000);(0.7071, 0.0000, 0.0000, 0.7071);(-3.1990, 0.8209, 2.0278);(0.0000, -0.9490, 0.0000, 0.3153);0;test
4.1668;(-0.0700, 1.2600, -4.7700);(0.0000, 0.0000, 0.0000, 1.0000);(0.7071, 0.0000, 0.0000, 0.7071);(-3.1989, 0.8209, 2.0109);(0.0000, -0.9522, 0.0000, 0.3056);0;test
4.186799;(-0.0700, 1.2600, -4.7700);(0.0000, 0.0000, 0.0000, 1.0000);(0.7071, 0.0000, 0.0000, 0.7071);(-3.1987, 0.8209, 1.9853);(0.0000, -0.9566, 0.0000, 0.2915);0;test
4.2068;(-0.0700, 1.2600, -4.7700);(0.0000, 0.0000, 0.0000, 1.0000);(0.7071, 0.0000, 0.0000, 0.7071);(-3.1986, 0.8209, 1.9680);(0.0000, -0.9593, 0.0000, 0.2823);0;test
4.226799;(-0.0700, 1.2600, -4.7700);(0.0000, 0.0000, 0.0000, 1.0000);(0.7071, 0.0000, 0.0000, 0.7071);(-3.1983, 0.8209, 1.9337);(0.0000, -0.9643, 0.0000, 0.2648);0;test
4.246799;(-0.0700, 1.2600, -4.7700);(0.0000, 0.0000, 0.0000, 1.0000);(0.7071, 0.0000, 0.0000, 0.7071);(-3.1982, 0.8209, 1.9157);(0.0000, -0.9667, 0.0000, 0.2560);0;test
4.2668;(-0.0700, 1.2600, -4.7700);(0.0000, 0.0000, 0.0000, 1.0000);(0.7071, 0.0000, 0.0000, 0.7071);(-3.1980, 0.8209, 1.8882);(0.0000, -0.9700, 0.0000, 0.2432);0;test
4.286799;(-0.0700, 1.2600, -4.7700);(0.0000, 0.0000, 0.0000, 1.0000);(0.7071, 0.0000, 0.0000, 0.7071);(-3.1978, 0.8209, 1.8716);(0.0000, -0.9718, 0.0000, 0.2357);0;test
4.3068;(-0.0700, 1.2600, -4.7700);(0.0000, 0.0000, 0.0000, 1.0000);(0.7071, 0.0000, 0.0000, 0.7071);(-3.1977, 0.8209, 1.8465);(0.0000, -0.9744, 0.0000, 0.2248);0;test
4.326799;(-0.0700, 1.2600, -4.7700);(0.0000, 0.0000, 0.0000, 1.0000);(0.7071, 0.0000, 0.0000, 0.7071);(-3.1975, 0.8209, 1.8213);(0.0000, -0.9767, 0.0000, 0.2144);0;test
4.3468;(-0.0700, 1.2600, -4.7700);(0.0000, 0.0000, 0.0000, 1.0000);(0.7071, 0.0000, 0.0000, 0.7071);(-3.1973, 0.8209, 1.8038);(0.0000, -0.9782, 0.0000, 0.2074);0;test
4.366799;(-0.0700, 1.2600, -4.7700);(0.0000, 0.0000, 0.0000, 1.0000);(0.7071, 0.0000, 0.0000, 0.7071);(-3.1971, 0.8209, 1.7766);(0.0000, -0.9804, 0.0000, 0.1970);0;test
4.3868;(-0.0700, 1.2600, -4.7700);(0.0000, 0.0000, 0.0000, 1.0000);(0.7071, 0.0000, 0.0000, 0.7071);(-3.1970, 0.8209, 1.7584);(0.0000, -0.9817, 0.0000, 0.1903);0;test
4.406799;(-0.0700, 1.2600, -4.7700);(0.0000, 0.0000, 0.0000, 1.0000);(0.7071, 0.0000, 0.0000, 0.7071);(-3.1968, 0.8209, 1.7321);(0.0000, -0.9835, 0.0000, 0.1810);0;test
4.4268;(-0.0700, 1.2600, -4.7700);(0.0000, 0.0000, 0.0000, 1.0000);(0.7071, 0.0000, 0.0000, 0.7071);(-3.1966, 0.8209, 1.7065);(0.0000, -0.9850, 0.0000, 0.1724);0;test
4.446799;(-0.0700, 1.2600, -4.7700);(0.0000, 0.0000, 0.0000, 1.0000);(0.7071, 0.0000, 0.0000, 0.7071);(-3.1965, 0.8209, 1.6883);(0.0000, -0.9860, 0.0000, 0.1665);0;test
4.4668;(-0.0700, 1.2600, -4.7700);(0.0000, 0.0000, 0.0000, 1.0000);(0.7071, 0.0000, 0.0000, 0.7071);(-3.1963, 0.8209, 1.6628);(0.0000, -0.9873, 0.0000, 0.1586);0;test
4.486799;(-0.0700, 1.2600, -4.7700);(0.0000, 0.0000, 0.0000, 1.0000);(0.7071, 0.0000, 0.0000, 0.7071);(-3.1961, 0.8209, 1.6370);(0.0000, -0.9885, 0.0000, 0.1510);0;test
4.5068;(-0.0700, 1.2600, -4.7700);(0.0000, 0.0000, 0.0000, 1.0000);(0.7071, 0.0000, 0.0000, 0.7071);(-3.1960, 0.8209, 1.6198);(0.0000, -0.9893, 0.0000, 0.1461);0;test
4.526799;(-0.0700, 1.2600, -4.7700);(0.0000, 0.0000, 0.0000, 1.0000);(0.7071, 0.0000, 0.0000, 0.7071);(-3.1958, 0.8209, 1.5939);(0.0000, -0.9903, 0.0000, 0.1389);0;test
4.5468;(-0.0700, 1.2600, -4.7700);(0.0000, 0.0000, 0.0000, 1.0000);(0.7071, 0.0000, 0.0000, 0.7071);(-3.1956, 0.8209, 1.5680);(0.0000, -0.9912, 0.0000, 0.1322);0;test
4.566799;(-0.0700, 1.2600, -4.7700);(0.0000, 0.0000, 0.0000, 1.0000);(0.7071, 0.0000, 0.0000, 0.7071);(-3.1955, 0.8209, 1.5501);(0.0000, -0.9918, 0.0000, 0.1277);0;test
4.5868;(-0.0700, 1.2600, -4.7700);(0.0000, 0.0000, 0.0000, 1.0000);(0.7071, 0.0000, 0.0000, 0.7071);(-3.1953, 0.8209, 1.5234);(0.0000, -0.9926, 0.0000, 0.1213);0;test
4.606799;(-0.0700, 1.2600, -4.7700);(0.0000, 0.0000, 0.0000, 1.0000);(0.7071, 0.0000, 0.0000, 0.7071);(-3.1951, 0.8209, 1.4977);(0.0000, -0.9933, 0.0000, 0.1154);0;test
4.6268;(-0.0700, 1.2600, -4.7700);(0.0000, 0.0000, 0.0000, 1.0000);(0.7071, 0.0000, 0.0000, 0.7071);(-3.1949, 0.8209, 1.4803);(0.0000, -0.9938, 0.0000, 0.1116);0;test
4.646799;(-0.0700, 1.2600, -4.7700);(0.0000, 0.0000, 0.0000, 1.0000);(0.7071, 0.0000, 0.0000, 0.7071);(-3.1947, 0.8209, 1.4543);(0.0000, -0.9944, 0.0000, 0.1061);0;test
4.6668;(-0.0700, 1.2600, -4.7700);(0.0000, 0.0000, 0.0000, 1.0000);(0.7071, 0.0000, 0.0000, 0.7071);(-3.1946, 0.8209, 1.4276);(0.0000, -0.9949, 0.0000, 0.1007);0;test
4.686799;(-0.0700, 1.2600, -4.7700);(0.0000, 0.0000, 0.0000, 1.0000);(0.7071, 0.0000, 0.0000, 0.7071);(-3.1944, 0.8209, 1.4104);(0.0000, -0.9953, 0.0000, 0.0974);0;test
4.7068;(-0.0700, 1.2600, -4.7700);(0.0000, 0.0000, 0.0000, 1.0000);(0.7071, 0.0000, 0.0000, 0.7071);(-3.1942, 0.8209, 1.3844);(0.0000, -0.9957, 0.0000, 0.0925);0;test
4.726799;(-0.0700, 1.2600, -4.7700);(0.0000, 0.0000, 0.0000, 1.0000);(0.7071, 0.0000, 0.0000, 0.7071);(-3.1940, 0.8209, 1.3585);(0.0000, -0.9961, 0.0000, 0.0880);0;test
4.746799;(-0.0700, 1.2600, -4.7700);(0.0000, 0.0000, 0.0000, 1.0000);(0.7071, 0.0000, 0.0000, 0.7071);(-3.1939, 0.8209, 1.3412);(0.0000, -0.9964, 0.0000, 0.0850);0;test
4.7668;(-0.0700, 1.2600, -4.7700);(0.0000, 0.0000, 0.0000, 1.0000);(0.7071, 0.0000, 0.0000, 0.7071);(-3.1937, 0.8209, 1.3144);(0.0000, -0.9967, 0.0000, 0.0807);0;test
4.786799;(-0.0700, 1.2600, -4.7700);(0.0000, 0.0000, 0.0000, 1.0000);(0.7071, 0.0000, 0.0000, 0.7071);(-3.1936, 0.8209, 1.2984);(0.0000, -0.9969, 0.0000, 0.0782);0;test
4.8068;(-0.0700, 1.2600, -4.7700);(0.0000, 0.0000, 0.0000, 1.0000);(0.7071, 0.0000, 0.0000, 0.7071);(-3.1934, 0.8209, 1.2717);(0.0000, -0.9972, 0.0000, 0.0742);0;test
4.826799;(-0.0700, 1.2600, -4.7700);(0.0000, 0.0000, 0.0000, 1.0000);(0.7071, 0.0000, 0.0000, 0.7071);(-3.1932, 0.8209, 1.2473);(0.0000, -0.9975, 0.0000, 0.0706);0;test
4.8468;(-0.0700, 1.2600, -4.7700);(0.0000, 0.0000, 0.0000, 1.0000);(0.7071, 0.0000, 0.0000, 0.7071);(-3.1930, 0.8209, 1.2228);(0.0000, -0.9977, 0.0000, 0.0673);0;test
4.866799;(-0.0700, 1.2600, -4.7700);(0.0000, 0.0000, 0.0000, 1.0000);(0.7071, 0.0000, 0.0000, 0.7071);(-3.1929, 0.8209, 1.2047);(0.0000, -0.9979, 0.0000, 0.0649);0;test
4.8868;(-0.0700, 1.2600, -4.7700);(0.0000, 0.0000, 0.0000, 1.0000);(0.7071, 0.0000, 0.0000, 0.7071);(-3.1927, 0.8209, 1.1779);(0.0000, -0.9981, 0.0000, 0.0615);0;test
4.906799;(-0.0700, 1.2600, -4.7700);(0.0000, 0.0000, 0.0000, 1.0000);(0.7071, 0.0000, 0.0000, 0.7071);(-3.1927, 0.8209, 1.1779);(0.0000, -0.9981, 0.0000, 0.0615);0;test
4.9268;(-0.0700, 1.2600, -4.7700);(0.0000, 0.0000, 0.0000, 1.0000);(0.7071, 0.0000, 0.0000, 0.7071);(-3.1924, 0.8209, 1.1339);(0.0000, -0.9984, 0.0000, 0.0563);0;test
4.946799;(-0.0700, 1.2600, -4.7700);(0.0000, 0.0000, 0.0000, 1.0000);(0.7071, 0.0000, 0.0000, 0.7071);(-3.1922, 0.8209, 1.1083);(0.0000, -0.9986, 0.0000, 0.0535);0;test
4.9668;(-0.0700, 1.2600, -4.7700);(0.0000, 0.0000, 0.0000, 1.0000);(0.7071, 0.0000, 0.0000, 0.7071);(-3.1921, 0.8209, 1.0909);(0.0000, -0.9987, 0.0000, 0.0516);0;test
4.986799;(-0.0700, 1.2600, -4.7700);(0.0000, 0.0000, 0.0000, 1.0000);(0.7071, 0.0000, 0.0000, 0.7071);(-3.1919, 0.8209, 1.0640);(0.0000, -0.9988, 0.0000, 0.0489);0;test
5.0068;(-0.0700, 1.2600, -4.7700);(0.0000, 0.0000, 0.0000, 1.0000);(0.7071, 0.0000, 0.0000, 0.7071);(-3.1917, 0.8209, 1.0371);(0.0000, -0.9989, 0.0000, 0.0463);0;test
5.026799;(-0.0700, 1.2600, -4.7700);(0.0000, 0.0000, 0.0000, 1.0000);(0.7071, 0.0000, 0.0000, 0.7071);(-3.1915, 0.8209, 1.0190);(0.0000, -0.9990, 0.0000, 0.0446);0;test
5.0468;(-0.0700, 1.2600, -4.7700);(0.0000, 0.0000, 0.0000, 1.0000);(0.7071, 0.0000, 0.0000, 0.7071);(-3.1913, 0.8209, 0.9928);(0.0000, -0.9991, 0.0000, 0.0423);0;test
5.066799;(-0.0700, 1.2600, -4.7700);(0.0000, 0.0000, 0.0000, 1.0000);(0.7071, 0.0000, 0.0000, 0.7071);(-3.1912, 0.8209, 0.9753);(0.0000, -0.9992, 0.0000, 0.0408);0;test
5.0868;(-0.0700, 1.2600, -4.7700);(0.0000, 0.0000, 0.0000, 1.0000);(0.7071, 0.0000, 0.0000, 0.7071);(-3.1910, 0.8209, 0.9486);(0.0000, -0.9993, 0.0000, 0.0386);0;test
5.106799;(-0.0700, 1.2600, -4.7700);(0.0000, 0.0000, 0.0000, 1.0000);(0.7071, 0.0000, 0.0000, 0.7071);(-3.1908, 0.8209, 0.9216);(0.0000, -0.9993, 0.0000, 0.0365);0;test
5.1268;(-0.0700, 1.2600, -4.7700);(0.0000, 0.0000, 0.0000, 1.0000);(0.7071, 0.0000, 0.0000, 0.7071);(-3.1907, 0.8209, 0.9135);(0.0000, -0.9994, 0.0000, 0.0359);0;test
5.146799;(-0.0700, 1.2600, -4.7700);(0.0000, 0.0000, 0.0000, 1.0000);(0.7071, 0.0000, 0.0000, 0.7071);(-3.1905, 0.8209, 0.8793);(0.0000, -0.9994, 0.0000, 0.0334);0;test
5.1668;(-0.0700, 1.2600, -4.7700);(0.0000, 0.0000, 0.0000, 1.0000);(0.7071, 0.0000, 0.0000, 0.7071);(-3.1903, 0.8209, 0.8528);(0.0000, -0.9995, 0.0000, 0.0316);0;test
5.186799;(-0.0700, 1.2600, -4.7700);(0.0000, 0.0000, 0.0000, 1.0000);(0.7071, 0.0000, 0.0000, 0.7071);(-3.1902, 0.8209, 0.8347);(0.0000, -0.9995, 0.0000, 0.0304);0;test
5.2068;(-0.0700, 1.2600, -4.7700);(0.0000, 0.0000, 0.0000, 1.0000);(0.7071, 0.0000, 0.0000, 0.7071);(-3.1900, 0.8209, 0.8091);(0.0000, -0.9996, 0.0000, 0.0288);0;test
5.226799;(-0.0700, 1.2600, -4.7700);(0.0000, 0.0000, 0.0000, 1.0000);(0.7071, 0.0000, 0.0000, 0.7071);(-3.1898, 0.8209, 0.7913);(0.0000, -0.9996, 0.0000, 0.0277);0;test
5.246799;(-0.0700, 1.2600, -4.7700);(0.0000, 0.0000, 0.0000, 1.0000);(0.7071, 0.0000, 0.0000, 0.7071);(-3.1896, 0.8209, 0.7661);(0.0000, -0.9997, 0.0000, 0.0263);0;test
5.266799;(-0.0700, 1.2600, -4.7700);(0.0000, 0.0000, 0.0000, 1.0000);(0.7071, 0.0000, 0.0000, 0.7071);(-3.1895, 0.8209, 0.7485);(0.0000, -0.9997, 0.0000, 0.0253);0;test
5.286799;(-0.0700, 1.2600, -4.7700);(0.0000, 0.0000, 0.0000, 1.0000);(0.7071, 0.0000, 0.0000, 0.7071);(-3.1893, 0.8209, 0.7151);(0.0000, -0.9997, 0.0000, 0.0235);0;test
5.3068;(-0.0700, 1.2600, -4.7700);(0.0000, 0.0000, 0.0000, 1.0000);(0.7071, 0.0000, 0.0000, 0.7071);(-3.1891, 0.8209, 0.6982);(0.0000, -0.9997, 0.0000, 0.0227);0;test
5.326799;(-0.0700, 1.2600, -4.7700);(0.0000, 0.0000, 0.0000, 1.0000);(0.7071, 0.0000, 0.0000, 0.7071);(-3.1889, 0.8209, 0.6720);(0.0000, -0.9998, 0.0000, 0.0214);0;test
5.3468;(-0.0700, 1.2600, -4.7700);(0.0000, 0.0000, 0.0000, 1.0000);(0.7071, 0.0000, 0.0000, 0.7071);(-3.1888, 0.8209, 0.6469);(0.0000, -0.9998, 0.0000, 0.0202);0;test
5.366799;(-0.0700, 1.2600, -4.7700);(0.0000, 0.0000, 0.0000, 1.0000);(0.7071, 0.0000, 0.0000, 0.7071);(-3.1886, 0.8209, 0.6289);(0.0000, -0.9998, 0.0000, 0.0194);0;test
5.3868;(-0.0700, 1.2600, -4.7700);(0.0000, 0.0000, 0.0000, 1.0000);(0.7071, 0.0000, 0.0000, 0.7071);(-3.1884, 0.8209, 0.6022);(0.0000, -0.9998, 0.0000, 0.0183);0;test
5.406799;(-0.0700, 1.2600, -4.7700);(0.0000, 0.0000, 0.0000, 1.0000);(0.7071, 0.0000, 0.0000, 0.7071);(-3.1883, 0.8209, 0.5850);(0.0000, -0.9998, 0.0000, 0.0176);0;test
5.4268;(-0.0700, 1.2600, -4.7700);(0.0000, 0.0000, 0.0000, 1.0000);(0.7071, 0.0000, 0.0000, 0.7071);(-3.1881, 0.8209, 0.5591);(0.0000, -0.9999, 0.0000, 0.0166);0;test
5.446799;(-0.0700, 1.2600, -4.7700);(0.0000, 0.0000, 0.0000, 1.0000);(0.7071, 0.0000, 0.0000, 0.7071);(-3.1879, 0.8209, 0.5332);(0.0000, -0.9999, 0.0000, 0.0156);0;test
5.4668;(-0.0700, 1.2600, -4.7700);(0.0000, 0.0000, 0.0000, 1.0000);(0.7071, 0.0000, 0.0000, 0.7071);(-3.1878, 0.8209, 0.5162);(0.0000, -0.9999, 0.0000, 0.0150);0;test
5.486799;(-0.0700, 1.2600, -4.7700);(0.0000, 0.0000, 0.0000, 1.0000);(0.7071, 0.0000, 0.0000, 0.7071);(-3.1876, 0.8209, 0.4901);(0.0000, -0.9999, 0.0000, 0.0141);0;test
5.5068;(-0.0700, 1.2600, -4.7700);(0.0000, 0.0000, 0.0000, 1.0000);(0.7071, 0.0000, 0.0000, 0.7071);(-3.1874, 0.8209, 0.4615);(0.0000, -0.9999, 0.0000, 0.0132);0;test
5.526799;(-0.0700, 1.2600, -4.7700);(0.0000, 0.0000, 0.0000, 1.0000);(0.7071, 0.0000, 0.0000, 0.7071);(-3.1873, 0.8209, 0.4435);(0.0000, -0.9999, 0.0000, 0.0126);0;test
5.5468;(-0.0700, 1.2600, -4.7700);(0.0000, 0.0000, 0.0000, 1.0000);(0.7071, 0.0000, 0.0000, 0.7071);(-3.1871, 0.8209, 0.4186);(0.0000, -0.9999, 0.0000, 0.0119);0;test
5.566799;(-0.0700, 1.2600, -4.7700);(0.0000, 0.0000, 0.0000, 1.0000);(0.7071, 0.0000, 0.0000, 0.7071);(-3.1869, 0.8209, 0.3930);(0.0000, -0.9999, 0.0000, 0.0111);0;test
5.5868;(-0.0700, 1.2600, -4.7700);(0.0000, 0.0000, 0.0000, 1.0000);(0.7071, 0.0000, 0.0000, 0.7071);(-3.1868, 0.8209, 0.3846);(0.0000, -0.9999, 0.0000, 0.0109);0;test
5.606799;(-0.0700, 1.2600, -4.7700);(0.0000, 0.0000, 0.0000, 1.0000);(0.7071, 0.0000, 0.0000, 0.7071);(-3.1866, 0.8209, 0.3508);(0.0000, -1.0000, 0.0000, 0.0100);0;test
5.6268;(-0.0700, 1.2600, -4.7700);(0.0000, 0.0000, 0.0000, 1.0000);(0.7071, 0.0000, 0.0000, 0.7071);(-3.1864, 0.8209, 0.3320);(0.0000, -1.0000, 0.0000, 0.0095);0;test
5.646799;(-0.0700, 1.2600, -4.7700);(0.0000, 0.0000, 0.0000, 1.0000);(0.7071, 0.0000, 0.0000, 0.7071);(-3.1862, 0.8209, 0.3057);(0.0000, -1.0000, 0.0000, 0.0089);0;test
5.6668;(-0.0700, 1.2600, -4.7700);(0.0000, 0.0000, 0.0000, 1.0000);(0.7071, 0.0000, 0.0000, 0.7071);(-3.1860, 0.8209, 0.2790);(0.0000, -1.0000, 0.0000, 0.0083);0;test
5.686799;(-0.0700, 1.2600, -4.7700);(0.0000, 0.0000, 0.0000, 1.0000);(0.7071, 0.0000, 0.0000, 0.7071);(-3.1859, 0.8209, 0.2620);(0.0000, -1.0000, 0.0000, 0.0079);0;test
5.7068;(-0.0700, 1.2600, -4.7700);(0.0000, 0.0000, 0.0000, 1.0000);(0.7071, 0.0000, 0.0000, 0.7071);(-3.1857, 0.8209, 0.2360);(0.0000, -1.0000, 0.0000, 0.0073);0;test
5.726799;(-0.0700, 1.2600, -4.7700);(0.0000, 0.0000, 0.0000, 1.0000);(0.7071, 0.0000, 0.0000, 0.7071);(-3.1855, 0.8209, 0.2093);(0.0000, -1.0000, 0.0000, 0.0068);0;test
5.746799;(-0.0700, 1.2600, -4.7700);(0.0000, 0.0000, 0.0000, 1.0000);(0.7071, 0.0000, 0.0000, 0.7071);(-3.1854, 0.8209, 0.1924);(0.0000, -1.0000, 0.0000, 0.0065);0;test
5.766799;(-0.0700, 1.2600, -4.7700);(0.0000, 0.0000, 0.0000, 1.0000);(0.7071, 0.0000, 0.0000, 0.7071);(-3.1852, 0.8209, 0.1663);(0.0000, -1.0000, 0.0000, 0.0060);0;test
5.786799;(-0.0700, 1.2600, -4.7700);(0.0000, 0.0000, 0.0000, 1.0000);(0.7071, 0.0000, 0.0000, 0.7071);(-3.1850, 0.8209, 0.1398);(0.0000, -1.0000, 0.0000, 0.0055);0;test
5.8068;(-0.0700, 1.2600, -4.7700);(0.0000, 0.0000, 0.0000, 1.0000);(0.7071, 0.0000, 0.0000, 0.7071);(-3.1849, 0.8209, 0.1223);(0.0000, -1.0000, 0.0000, 0.0052);0;test
5.826799;(-0.0700, 1.2600, -4.7700);(0.0000, 0.0000, 0.0000, 1.0000);(0.7071, 0.0000, 0.0000, 0.7071);(-3.1847, 0.8209, 0.0964);(0.0000, -1.0000, 0.0000, 0.0048);0;test
5.8468;(-0.0700, 1.2600, -4.7700);(0.0000, 0.0000, 0.0000, 1.0000);(0.7071, 0.0000, 0.0000, 0.7071);(-3.1846, 0.8209, 0.0788);(0.0000, -1.0000, 0.0000, 0.0045);0;test
5.866799;(-0.0700, 1.2600, -4.7700);(0.0000, 0.0000, 0.0000, 1.0000);(0.7071, 0.0000, 0.0000, 0.7071);(-3.1843, 0.8209, 0.0505);(0.0000, -1.0000, 0.0000, 0.0041);0;test
5.8868;(-0.0700, 1.2600, -4.7700);(0.0000, 0.0000, 0.0000, 1.0000);(0.7071, 0.0000, 0.0000, 0.7071);(-3.1842, 0.8209, 0.0331);(0.0000, -1.0000, 0.0000, 0.0038);0;test
5.906799;(-0.0700, 1.2600, -4.7700);(0.0000, 0.0000, 0.0000, 1.0000);(0.7071, 0.0000, 0.0000, 0.7071);(-3.1840, 0.8209, 0.0083);(0.0000, -1.0000, 0.0000, 0.0035);0;test
5.9268;(-0.0700, 1.2600, -4.7700);(0.0000, 0.0000, 0.0000, 1.0000);(0.7071, 0.0000, 0.0000, 0.7071);(-3.1838, 0.8209, -0.0184);(0.0000, -1.0000, 0.0000, 0.0031);0;test
5.946799;(-0.0700, 1.2600, -4.7700);(0.0000, 0.0000, 0.0000, 1.0000);(0.7071, 0.0000, 0.0000, 0.7071);(-3.1837, 0.8209, -0.0365);(0.0000, -1.0000, 0.0000, 0.0029);0;test
5.9668;(-0.0700, 1.2600, -4.7700);(0.0000, 0.0000, 0.0000, 1.0000);(0.7071, 0.0000, 0.0000, 0.7071);(-3.1835, 0.8209, -0.0628);(0.0000, -1.0000, 0.0000, 0.0026);0;test

